﻿Measure Names,Year of Date,Measure Values
Avg. Close,2021,$364.54
Avg. Adj Close,2021,$358.98
Avg. Close,2020,$206.54
Avg. Adj Close,2020,$199.34
Avg. Close,2019,$204.40
Avg. Adj Close,2019,$192.80
Avg. Close,2018,$233.09
Avg. Adj Close,2018,$216.12
Avg. Close,2017,$233.59
Avg. Adj Close,2017,$213.92
Avg. Close,2016,$169.11
Avg. Adj Close,2016,$152.89
Avg. Close,2015,$192.97
Avg. Adj Close,2015,$171.80
Avg. Close,2014,$173.40
Avg. Adj Close,2014,$152.45
Avg. Close,2013,$156.60
Avg. Adj Close,2013,$135.88
Avg. Close,2012,$110.76
Avg. Adj Close,2012,$94.64
Avg. Close,2011,$130.76
Avg. Adj Close,2011,$110.07
Avg. Close,2010,$155.17
Avg. Adj Close,2010,$129.44
Avg. Close,2009,$140.84
Avg. Adj Close,2009,$116.47
Avg. Close,2008,$152.09
Avg. Adj Close,2008,$124.15
Avg. Close,2007,$211.82
Avg. Adj Close,2007,$171.78
Avg. Close,2006,$160.27
Avg. Adj Close,2006,$129.06
Avg. Close,2005,$112.41
Avg. Adj Close,2005,$89.75
Avg. Close,2004,$97.33
Avg. Adj Close,2004,$76.91
Avg. Close,2003,$82.54
Avg. Adj Close,2003,$64.57
Avg. Close,2002,$77.56
Avg. Adj Close,2002,$60.10
Avg. Close,2001,$90.03
Avg. Adj Close,2001,$69.35
Avg. Close,2000,$97.67
Avg. Adj Close,2000,$74.89
Avg. Close,1999,$68.02
Avg. Adj Close,1999,$51.89
